timestamp,fps,cpu_usage,gpu_usage,frame_time_ms,process_time,physics_time,memory_mb,object_count,node_count,draw_calls,latency_ms,player_count
16053,397.0,17.94,-1.00,2.52,-1.0000,-1.0000,433.39,11971,101,-1,0.3,2
16304,363.6,13.50,-1.00,2.75,-1.0000,-1.0000,433.46,11971,101,-1,0.3,2
16754,2.6,9.25,-1.00,379.51,-1.0000,-1.0000,468.79,11971,101,-1,0.3,2
17002,251.6,11.09,-1.00,3.97,-1.0000,-1.0000,468.93,11971,101,-1,0.3,2
17254,395.4,14.94,-1.00,2.53,-1.0000,-1.0000,468.98,11971,101,-1,0.3,2
17505,601.3,13.98,-1.00,1.66,-1.0000,-1.0000,469.04,11971,101,-1,0.3,2
17756,245.0,11.92,-1.00,4.08,-1.0000,-1.0000,469.08,11971,101,-1,0.3,2
18007,569.7,14.54,-1.00,1.76,-1.0000,-1.0000,469.12,11971,101,-1,0.3,2
18258,600.2,14.56,-1.00,1.67,-1.0000,-1.0000,469.19,11971,101,-1,0.3,2
18508,523.3,13.50,-1.00,1.91,-1.0000,-1.0000,469.24,11971,101,-1,0.3,2
18759,613.9,16.59,-1.00,1.63,-1.0000,-1.0000,469.30,11971,101,-1,0.3,2
19010,556.2,15.11,-1.00,1.80,-1.0000,-1.0000,469.37,11971,101,-1,0.3,2
19262,429.2,17.62,-1.00,2.33,-1.0000,-1.0000,469.42,11971,101,-1,0.3,2
19512,648.4,12.98,-1.00,1.54,-1.0000,-1.0000,469.47,11971,101,-1,0.3,2
19763,571.0,21.24,-1.00,1.75,-1.0000,-1.0000,469.58,11971,101,-1,0.2,2
20013,615.2,19.31,-1.00,1.63,-1.0000,-1.0000,469.66,11971,101,-1,0.2,2
20264,609.5,17.14,-1.00,1.64,-1.0000,-1.0000,469.72,11971,101,-1,0.2,2
20515,557.1,16.60,-1.00,1.79,-1.0000,-1.0000,469.76,11971,101,-1,0.2,2
20766,528.7,20.68,-1.00,1.89,-1.0000,-1.0000,469.92,11971,101,-1,0.2,2
21016,534.6,11.96,-1.00,1.87,-1.0000,-1.0000,469.96,11971,101,-1,0.2,2
21267,554.8,18.14,-1.00,1.80,-1.0000,-1.0000,470.02,11971,101,-1,0.2,2
21518,546.1,23.94,-1.00,1.83,-1.0000,-1.0000,470.08,11971,101,-1,0.2,2
21768,534.3,14.64,-1.00,1.87,-1.0000,-1.0000,470.14,11971,101,-1,0.2,2
22019,506.1,16.55,-1.00,1.98,-1.0000,-1.0000,470.20,11971,101,-1,0.2,2
22270,578.4,16.59,-1.00,1.73,-1.0000,-1.0000,470.27,11971,101,-1,0.2,2
22522,517.6,18.63,-1.00,1.93,-1.0000,-1.0000,470.33,11971,101,-1,0.2,2
22773,534.5,18.15,-1.00,1.87,-1.0000,-1.0000,470.40,11971,101,-1,0.2,2
23024,581.9,16.03,-1.00,1.72,-1.0000,-1.0000,470.45,11971,101,-1,0.2,2
23276,518.9,17.64,-1.00,1.93,-1.0000,-1.0000,470.51,11971,101,-1,0.2,2
23527,589.9,16.00,-1.00,1.70,-1.0000,-1.0000,470.57,11971,101,-1,0.2,2
23778,564.7,13.53,-1.00,1.77,-1.0000,-1.0000,470.63,11971,101,-1,0.2,2
24030,232.7,11.88,-1.00,4.30,-1.0000,-1.0000,470.66,11971,101,-1,0.2,2
24281,556.5,18.63,-1.00,1.80,-1.0000,-1.0000,470.72,11971,101,-1,0.2,2
24532,507.0,6.77,-1.00,1.97,-1.0000,-1.0000,470.76,11971,101,-1,0.2,2
24783,606.8,13.55,-1.00,1.65,-1.0000,-1.0000,470.80,11971,101,-1,0.2,2
25034,482.5,15.99,-1.00,2.07,-1.0000,-1.0000,470.85,11971,101,-1,0.2,2
25285,524.4,12.44,-1.00,1.91,-1.0000,-1.0000,470.90,11971,101,-1,0.2,2
25537,512.5,16.04,-1.00,1.95,-1.0000,-1.0000,470.95,11971,101,-1,0.2,2
25788,560.5,15.58,-1.00,1.78,-1.0000,-1.0000,471.03,11971,101,-1,0.2,2
26038,461.3,14.06,-1.00,2.17,-1.0000,-1.0000,471.10,11983,103,-1,0.2,2
26290,500.3,19.08,-1.00,2.00,-1.0000,-1.0000,471.16,11983,103,-1,0.2,2
26540,460.5,15.61,-1.00,2.17,-1.0000,-1.0000,471.22,11983,103,-1,0.2,2
26791,442.3,15.08,-1.00,2.26,-1.0000,-1.0000,471.16,11983,103,-1,0.2,2
27041,416.0,15.07,-1.00,2.40,-1.0000,-1.0000,471.22,11983,103,-1,0.2,2
27293,569.0,17.07,-1.00,1.76,-1.0000,-1.0000,471.28,11983,103,-1,0.2,2
27544,523.9,15.03,-1.00,1.91,-1.0000,-1.0000,471.33,11983,103,-1,0.2,2
27795,550.3,18.73,-1.00,1.82,-1.0000,-1.0000,471.39,11983,103,-1,0.2,2
28046,524.8,12.94,-1.00,1.91,-1.0000,-1.0000,471.45,11983,103,-1,0.2,2
28296,557.6,15.16,-1.00,1.79,-1.0000,-1.0000,468.77,11983,103,-1,0.2,2
28547,500.0,18.13,-1.00,2.00,-1.0000,-1.0000,468.81,11983,103,-1,0.2,2
28799,484.4,15.99,-1.00,2.06,-1.0000,-1.0000,468.87,11983,103,-1,0.2,2
29050,515.0,19.22,-1.00,1.94,-1.0000,-1.0000,468.93,11983,103,-1,0.2,2
29300,509.2,14.56,-1.00,1.96,-1.0000,-1.0000,468.99,11983,103,-1,0.2,2
29551,571.2,16.56,-1.00,1.75,-1.0000,-1.0000,469.04,11983,103,-1,0.2,2
29802,504.3,17.69,-1.00,1.98,-1.0000,-1.0000,469.10,11983,103,-1,0.2,2
30053,473.6,13.98,-1.00,2.11,-1.0000,-1.0000,469.16,11983,103,-1,0.2,2
30305,555.0,12.92,-1.00,1.80,-1.0000,-1.0000,469.22,11983,103,-1,0.1,2
30556,611.1,20.23,-1.00,1.64,-1.0000,-1.0000,469.27,11983,103,-1,0.1,2
30806,613.6,11.98,-1.00,1.63,-1.0000,-1.0000,469.33,11983,103,-1,0.1,2
31058,565.6,13.52,-1.00,1.77,-1.0000,-1.0000,469.39,11983,103,-1,0.1,2
31309,508.2,16.49,-1.00,1.97,-1.0000,-1.0000,469.45,11983,103,-1,0.0,2
31560,629.3,20.32,-1.00,1.59,-1.0000,-1.0000,469.50,11983,103,-1,0.0,2
31811,553.8,14.47,-1.00,1.81,-1.0000,-1.0000,469.56,11983,103,-1,0.0,2
32063,590.5,18.64,-1.00,1.69,-1.0000,-1.0000,469.62,11983,103,-1,0.0,2
32313,623.8,13.03,-1.00,1.60,-1.0000,-1.0000,469.67,11983,103,-1,0.0,2
32563,608.3,13.51,-1.00,1.64,-1.0000,-1.0000,469.73,11983,103,-1,0.0,2
32813,559.1,11.97,-1.00,1.79,-1.0000,-1.0000,469.78,11983,103,-1,0.0,2
33064,618.8,14.57,-1.00,1.62,-1.0000,-1.0000,469.84,11983,103,-1,0.0,2
33315,606.0,11.95,-1.00,1.65,-1.0000,-1.0000,469.89,11983,103,-1,0.0,2
33566,623.1,15.55,-1.00,1.60,-1.0000,-1.0000,469.95,11983,103,-1,0.0,2
33817,621.8,15.03,-1.00,1.61,-1.0000,-1.0000,470.01,11983,103,-1,0.0,2
34068,442.4,17.67,-1.00,2.26,-1.0000,-1.0000,470.08,11995,106,-1,0.0,2
34319,509.1,16.06,-1.00,1.96,-1.0000,-1.0000,470.14,11995,106,-1,0.0,2
34571,581.6,12.90,-1.00,1.72,-1.0000,-1.0000,470.20,11995,106,-1,0.0,2
34821,518.3,18.69,-1.00,1.93,-1.0000,-1.0000,470.25,11995,106,-1,0.0,2
35073,294.6,15.50,-1.00,3.39,-1.0000,-1.0000,470.31,11995,106,-1,0.0,2
35324,325.8,11.44,-1.00,3.07,-1.0000,-1.0000,470.34,11995,106,-1,0.0,2
35575,483.1,14.53,-1.00,2.07,-1.0000,-1.0000,470.37,11995,106,-1,0.0,2
35825,485.8,12.49,-1.00,2.06,-1.0000,-1.0000,470.44,11995,106,-1,0.0,2
36077,484.4,15.02,-1.00,2.06,-1.0000,-1.0000,470.48,12007,108,-1,0.0,2
36327,512.5,12.00,-1.00,1.95,-1.0000,-1.0000,470.54,12007,108,-1,0.0,2
36578,419.8,18.13,-1.00,2.38,-1.0000,-1.0000,470.58,12007,108,-1,0.0,2
36828,360.6,16.10,-1.00,2.77,-1.0000,-1.0000,470.64,12007,108,-1,0.0,2
37079,425.7,22.26,-1.00,2.35,-1.0000,-1.0000,470.69,12007,108,-1,0.0,2
37330,481.0,17.19,-1.00,2.08,-1.0000,-1.0000,470.75,12007,108,-1,0.0,2
37580,95.7,15.59,-1.00,10.45,-1.0000,-1.0000,470.78,12007,108,-1,0.0,2
37832,484.0,11.38,-1.00,2.07,-1.0000,-1.0000,470.83,12007,108,-1,0.0,2
38082,254.2,10.92,-1.00,3.93,-1.0000,-1.0000,470.85,12007,108,-1,0.0,2
38334,465.1,13.43,-1.00,2.15,-1.0000,-1.0000,470.89,12007,108,-1,0.0,2
38585,436.0,15.09,-1.00,2.29,-1.0000,-1.0000,470.94,12007,108,-1,0.0,2
38837,450.6,15.53,-1.00,2.22,-1.0000,-1.0000,470.99,12007,108,-1,0.0,2
39088,496.6,15.52,-1.00,2.01,-1.0000,-1.0000,471.04,12007,108,-1,0.0,2
39338,517.5,10.91,-1.00,1.93,-1.0000,-1.0000,471.10,12007,108,-1,0.0,2
39588,496.8,18.76,-1.00,2.01,-1.0000,-1.0000,471.14,12007,108,-1,0.0,2
39840,453.4,17.06,-1.00,2.21,-1.0000,-1.0000,471.20,12007,108,-1,0.0,2
40090,488.7,16.68,-1.00,2.05,-1.0000,-1.0000,471.25,12007,108,-1,0.0,2
40341,489.2,15.53,-1.00,2.04,-1.0000,-1.0000,471.30,12007,108,-1,0.0,2
40591,484.4,17.20,-1.00,2.06,-1.0000,-1.0000,471.36,12007,108,-1,0.0,2
40841,421.0,19.27,-1.00,2.38,-1.0000,-1.0000,471.64,12343,164,-1,0.0,2
41092,410.7,15.11,-1.00,2.43,-1.0000,-1.0000,472.21,12979,270,-1,0.0,2
41343,166.7,15.03,-1.00,6.00,-1.0000,-1.0000,472.42,13063,284,-1,0.0,2
41594,505.0,13.46,-1.00,1.98,-1.0000,-1.0000,469.50,12739,230,-1,0.0,2
41844,367.6,16.12,-1.00,2.72,-1.0000,-1.0000,469.26,12331,162,-1,0.0,2
42096,563.0,13.51,-1.00,1.78,-1.0000,-1.0000,469.07,12007,108,-1,0.0,2
42347,381.2,14.94,-1.00,2.62,-1.0000,-1.0000,469.10,12007,108,-1,0.0,2
42600,277.3,11.37,-1.00,3.61,-1.0000,-1.0000,469.14,12007,108,-1,0.0,2
42851,369.6,16.08,-1.00,2.71,-1.0000,-1.0000,469.19,12007,108,-1,0.0,2
43107,119.6,9.65,-1.00,8.36,-1.0000,-1.0000,469.21,12007,108,-1,0.0,2
43358,526.6,16.59,-1.00,1.90,-1.0000,-1.0000,469.27,12007,108,-1,0.0,2
43609,443.0,15.54,-1.00,2.26,-1.0000,-1.0000,469.32,12007,108,-1,0.0,2
43860,584.7,16.10,-1.00,1.71,-1.0000,-1.0000,469.37,12007,108,-1,0.0,2
44113,379.9,11.36,-1.00,2.63,-1.0000,-1.0000,469.40,12007,108,-1,0.0,2
44363,427.0,19.73,-1.00,2.34,-1.0000,-1.0000,469.45,12007,108,-1,0.0,2
44614,538.4,19.26,-1.00,1.86,-1.0000,-1.0000,469.70,12307,158,-1,0.0,2
44864,500.1,12.50,-1.00,2.00,-1.0000,-1.0000,470.00,12679,220,-1,0.0,2
45114,420.0,19.16,-1.00,2.38,-1.0000,-1.0000,469.91,12463,184,-1,0.0,2
45365,430.9,14.03,-1.00,2.32,-1.0000,-1.0000,469.72,12079,120,-1,0.0,2
45619,253.2,15.42,-1.00,3.95,-1.0000,-1.0000,469.73,12007,108,-1,0.0,2
45871,74.6,9.79,-1.00,13.40,-1.0000,-1.0000,469.78,12019,110,-1,0.0,2
46122,449.6,11.96,-1.00,2.22,-1.0000,-1.0000,469.84,12019,110,-1,0.0,2
46372,505.7,20.28,-1.00,1.98,-1.0000,-1.0000,469.89,12019,110,-1,0.0,2
46622,561.7,18.16,-1.00,1.78,-1.0000,-1.0000,469.93,12019,110,-1,0.0,2
46873,500.8,15.62,-1.00,2.00,-1.0000,-1.0000,469.99,12019,110,-1,0.0,2
47124,516.2,20.25,-1.00,1.94,-1.0000,-1.0000,470.05,12019,110,-1,0.0,2
47375,535.8,11.42,-1.00,1.87,-1.0000,-1.0000,470.12,12019,110,-1,0.0,2
47625,551.4,19.70,-1.00,1.81,-1.0000,-1.0000,470.16,12019,110,-1,0.0,2
47877,510.2,14.51,-1.00,1.96,-1.0000,-1.0000,470.32,12019,110,-1,0.0,2
48129,468.7,16.06,-1.00,2.13,-1.0000,-1.0000,470.37,12019,110,-1,0.0,2
48380,465.4,16.58,-1.00,2.15,-1.0000,-1.0000,470.44,12019,110,-1,0.0,2
48631,507.1,17.08,-1.00,1.97,-1.0000,-1.0000,470.48,12019,110,-1,0.0,2
48882,561.8,14.03,-1.00,1.78,-1.0000,-1.0000,470.54,12019,110,-1,0.0,2
49133,546.7,17.09,-1.00,1.83,-1.0000,-1.0000,470.61,12019,110,-1,0.0,2
49383,560.2,15.09,-1.00,1.79,-1.0000,-1.0000,470.65,12019,110,-1,0.0,2
49635,515.7,20.17,-1.00,1.94,-1.0000,-1.0000,470.73,12019,110,-1,0.0,2
49887,418.4,19.63,-1.00,2.39,-1.0000,-1.0000,470.77,12019,110,-1,0.0,2
50138,456.4,13.52,-1.00,2.19,-1.0000,-1.0000,470.83,12019,110,-1,0.0,2
50390,504.2,14.51,-1.00,1.98,-1.0000,-1.0000,470.89,12019,110,-1,0.0,2
50641,510.9,17.59,-1.00,1.96,-1.0000,-1.0000,471.05,12019,110,-1,0.0,2
50892,524.3,24.31,-1.00,1.91,-1.0000,-1.0000,471.11,12019,110,-1,0.0,2
51144,580.4,14.53,-1.00,1.72,-1.0000,-1.0000,471.16,12019,110,-1,0.0,2
51395,512.5,18.69,-1.00,1.95,-1.0000,-1.0000,471.23,12019,110,-1,0.0,2
51645,473.6,12.44,-1.00,2.11,-1.0000,-1.0000,471.30,12019,110,-1,0.0,2
51896,568.2,16.69,-1.00,1.76,-1.0000,-1.0000,471.35,12033,113,-1,0.0,2
52147,531.4,16.03,-1.00,1.88,-1.0000,-1.0000,471.42,12033,113,-1,0.0,2
52397,564.4,19.75,-1.00,1.77,-1.0000,-1.0000,471.49,12033,113,-1,0.0,2
52648,467.3,16.67,-1.00,2.14,-1.0000,-1.0000,471.53,12033,113,-1,0.0,2
52898,555.2,13.51,-1.00,1.80,-1.0000,-1.0000,471.60,12033,113,-1,0.0,2
53150,407.9,14.96,-1.00,2.45,-1.0000,-1.0000,471.65,12033,113,-1,0.0,2
53400,487.2,14.07,-1.00,2.05,-1.0000,-1.0000,471.71,12033,113,-1,0.0,2
53652,531.3,18.64,-1.00,1.88,-1.0000,-1.0000,471.77,12033,113,-1,0.0,2
53903,534.0,19.17,-1.00,1.87,-1.0000,-1.0000,471.85,12033,113,-1,0.0,2
54153,564.2,17.15,-1.00,1.77,-1.0000,-1.0000,471.89,12033,113,-1,0.0,2
54405,583.3,18.19,-1.00,1.71,-1.0000,-1.0000,471.97,12033,113,-1,0.0,2
54667,44.8,13.35,-1.00,22.33,-1.0000,-1.0000,471.86,12033,113,-1,0.0,2
54920,318.1,15.48,-1.00,3.14,-1.0000,-1.0000,469.23,12033,113,-1,0.0,2
55171,459.4,13.98,-1.00,2.18,-1.0000,-1.0000,469.29,12033,113,-1,0.0,2
55423,487.1,20.19,-1.00,2.05,-1.0000,-1.0000,469.35,12033,113,-1,0.0,2
55675,493.6,14.03,-1.00,2.03,-1.0000,-1.0000,469.41,12033,113,-1,0.0,2
55925,530.2,19.16,-1.00,1.89,-1.0000,-1.0000,469.47,12045,115,-1,0.0,2
56176,477.7,14.00,-1.00,2.09,-1.0000,-1.0000,469.53,12045,115,-1,0.0,2
56427,518.0,16.10,-1.00,1.93,-1.0000,-1.0000,469.61,12045,115,-1,0.0,2
56678,551.5,14.51,-1.00,1.81,-1.0000,-1.0000,469.65,12045,115,-1,0.0,2
56929,539.0,12.48,-1.00,1.86,-1.0000,-1.0000,469.65,12045,115,-1,0.0,2
57180,445.7,18.63,-1.00,2.24,-1.0000,-1.0000,469.71,12045,115,-1,0.0,2
57431,459.8,17.66,-1.00,2.18,-1.0000,-1.0000,469.77,12045,115,-1,0.0,2
57681,432.2,13.00,-1.00,2.31,-1.0000,-1.0000,469.83,12045,115,-1,0.0,2
57932,530.1,18.68,-1.00,1.89,-1.0000,-1.0000,469.89,12045,115,-1,0.0,2
58183,572.6,18.74,-1.00,1.75,-1.0000,-1.0000,469.96,12045,115,-1,0.0,2
58434,562.0,12.94,-1.00,1.78,-1.0000,-1.0000,470.00,12045,115,-1,0.0,2
58685,473.1,17.16,-1.00,2.11,-1.0000,-1.0000,470.06,12045,115,-1,0.0,2
58935,517.0,16.08,-1.00,1.93,-1.0000,-1.0000,470.11,12045,115,-1,0.0,2
59186,518.0,16.09,-1.00,1.93,-1.0000,-1.0000,470.17,12045,115,-1,0.0,2
59438,439.7,17.70,-1.00,2.27,-1.0000,-1.0000,470.22,12045,115,-1,0.0,2
59689,484.7,14.95,-1.00,2.06,-1.0000,-1.0000,470.28,12045,115,-1,0.0,2
59941,465.5,13.44,-1.00,2.15,-1.0000,-1.0000,470.35,12045,115,-1,0.0,2
60192,508.9,19.69,-1.00,1.97,-1.0000,-1.0000,470.41,12045,115,-1,0.0,2
60443,529.8,15.03,-1.00,1.89,-1.0000,-1.0000,470.47,12045,115,-1,0.0,2
60693,502.3,15.13,-1.00,1.99,-1.0000,-1.0000,470.53,12045,115,-1,0.0,2
60945,497.4,14.00,-1.00,2.01,-1.0000,-1.0000,470.61,12055,117,-1,0.0,2
61195,550.0,15.10,-1.00,1.82,-1.0000,-1.0000,470.67,12055,117,-1,0.0,2
61445,533.7,15.03,-1.00,1.87,-1.0000,-1.0000,470.72,12055,117,-1,0.0,2
61696,566.7,16.59,-1.00,1.76,-1.0000,-1.0000,470.78,12055,117,-1,0.0,2
61947,492.1,19.32,-1.00,2.03,-1.0000,-1.0000,470.83,12055,117,-1,0.0,2
62199,497.5,14.99,-1.00,2.01,-1.0000,-1.0000,470.89,12055,117,-1,0.0,2
62449,528.0,15.01,-1.00,1.89,-1.0000,-1.0000,470.95,12055,117,-1,0.0,2
62700,501.4,16.20,-1.00,1.99,-1.0000,-1.0000,471.01,12055,117,-1,0.0,2
62951,450.7,12.90,-1.00,2.22,-1.0000,-1.0000,471.07,12055,117,-1,0.0,2
63202,457.0,12.95,-1.00,2.19,-1.0000,-1.0000,471.13,12055,117,-1,0.0,2
63452,502.8,15.10,-1.00,1.99,-1.0000,-1.0000,471.19,12055,117,-1,0.0,2
63704,417.3,13.98,-1.00,2.40,-1.0000,-1.0000,471.25,12055,117,-1,0.0,2
63954,483.3,15.60,-1.00,2.07,-1.0000,-1.0000,471.32,12055,117,-1,0.0,2
64206,501.6,13.95,-1.00,1.99,-1.0000,-1.0000,471.37,12055,117,-1,0.0,2
64458,502.0,12.95,-1.00,1.99,-1.0000,-1.0000,471.43,12055,117,-1,0.0,2
64709,520.6,17.63,-1.00,1.92,-1.0000,-1.0000,471.49,12055,117,-1,0.0,2
64960,557.4,13.96,-1.00,1.79,-1.0000,-1.0000,471.55,12055,117,-1,0.0,2
65212,493.7,15.00,-1.00,2.03,-1.0000,-1.0000,471.61,12055,117,-1,0.0,2
65462,558.4,15.17,-1.00,1.79,-1.0000,-1.0000,471.66,12055,117,-1,0.0,2
65713,458.0,14.43,-1.00,2.18,-1.0000,-1.0000,471.72,12055,117,-1,0.0,2
65965,344.2,19.17,-1.00,2.91,-1.0000,-1.0000,471.80,12067,119,-1,0.0,2
66217,450.5,18.62,-1.00,2.22,-1.0000,-1.0000,471.84,12067,119,-1,0.0,2
66467,461.8,17.23,-1.00,2.17,-1.0000,-1.0000,471.90,12067,119,-1,0.0,2
66717,487.4,14.56,-1.00,2.05,-1.0000,-1.0000,471.95,12067,119,-1,0.0,2
66968,491.7,15.01,-1.00,2.03,-1.0000,-1.0000,469.16,12067,119,-1,0.0,2
67220,416.5,16.09,-1.00,2.40,-1.0000,-1.0000,469.22,12067,119,-1,0.0,2
67470,464.1,13.99,-1.00,2.15,-1.0000,-1.0000,469.27,12067,119,-1,0.0,2
67721,389.8,10.94,-1.00,2.57,-1.0000,-1.0000,469.33,12067,119,-1,0.0,2
67972,442.0,10.34,-1.00,2.26,-1.0000,-1.0000,469.39,12067,119,-1,0.0,2
68222,411.6,12.51,-1.00,2.43,-1.0000,-1.0000,469.44,12067,119,-1,0.0,2
68473,474.1,16.59,-1.00,2.11,-1.0000,-1.0000,469.49,12067,119,-1,0.0,2
68723,475.6,21.81,-1.00,2.10,-1.0000,-1.0000,469.55,12067,119,-1,0.0,2
68974,523.8,14.01,-1.00,1.91,-1.0000,-1.0000,469.60,12067,119,-1,0.0,2
69226,550.4,15.62,-1.00,1.82,-1.0000,-1.0000,469.65,12067,119,-1,0.0,2
69478,395.9,16.94,-1.00,2.53,-1.0000,-1.0000,469.70,12067,119,-1,0.0,2
69729,541.4,17.13,-1.00,1.85,-1.0000,-1.0000,469.76,12067,119,-1,0.0,2
69979,426.1,11.48,-1.00,2.35,-1.0000,-1.0000,469.82,12079,122,-1,0.0,2
70230,561.6,14.50,-1.00,1.78,-1.0000,-1.0000,469.87,12079,122,-1,0.0,2
70481,501.4,15.56,-1.00,1.99,-1.0000,-1.0000,469.93,12079,122,-1,0.0,2
70731,476.7,14.09,-1.00,2.10,-1.0000,-1.0000,469.98,12079,122,-1,0.0,2
70982,487.1,17.11,-1.00,2.05,-1.0000,-1.0000,470.03,12079,122,-1,0.0,2
71233,594.9,17.14,-1.00,1.68,-1.0000,-1.0000,470.08,12079,122,-1,0.0,2
71483,554.4,14.52,-1.00,1.80,-1.0000,-1.0000,470.14,12079,122,-1,0.0,2
71735,458.6,14.50,-1.00,2.18,-1.0000,-1.0000,470.19,12079,122,-1,0.0,2
71986,404.4,16.63,-1.00,2.47,-1.0000,-1.0000,470.25,12079,122,-1,0.0,2
72237,419.4,16.06,-1.00,2.38,-1.0000,-1.0000,470.30,12079,122,-1,0.0,2
72487,420.6,14.56,-1.00,2.38,-1.0000,-1.0000,470.35,12079,122,-1,0.0,2
72737,461.0,13.60,-1.00,2.17,-1.0000,-1.0000,470.40,12079,122,-1,0.0,2
72987,470.9,15.58,-1.00,2.12,-1.0000,-1.0000,470.46,12079,122,-1,0.0,2
73239,566.2,13.47,-1.00,1.77,-1.0000,-1.0000,470.51,12079,122,-1,0.0,2
73489,464.8,19.18,-1.00,2.15,-1.0000,-1.0000,470.56,12079,122,-1,0.0,2
73740,481.9,15.58,-1.00,2.08,-1.0000,-1.0000,470.62,12079,122,-1,0.0,2
73992,478.5,18.60,-1.00,2.09,-1.0000,-1.0000,470.67,12079,122,-1,0.0,2
74243,470.1,10.90,-1.00,2.13,-1.0000,-1.0000,470.73,12079,122,-1,0.0,2
74493,486.1,16.66,-1.00,2.06,-1.0000,-1.0000,470.78,12079,122,-1,0.0,2
74744,372.2,16.12,-1.00,2.69,-1.0000,-1.0000,470.85,12079,122,-1,0.0,2
74994,507.0,12.48,-1.00,1.97,-1.0000,-1.0000,470.89,12079,122,-1,0.0,2
75245,451.4,11.93,-1.00,2.22,-1.0000,-1.0000,470.95,12079,122,-1,0.0,2
75496,495.2,7.79,-1.00,2.02,-1.0000,-1.0000,470.98,12079,122,-1,0.0,2
75747,417.8,15.53,-1.00,2.39,-1.0000,-1.0000,471.03,12079,122,-1,0.0,2
75997,497.4,18.27,-1.00,2.01,-1.0000,-1.0000,471.11,12091,124,-1,0.0,2
76248,476.5,14.01,-1.00,2.10,-1.0000,-1.0000,471.15,12091,124,-1,0.0,2
76498,538.8,16.11,-1.00,1.86,-1.0000,-1.0000,471.21,12091,124,-1,0.0,2
76749,527.0,17.69,-1.00,1.90,-1.0000,-1.0000,471.27,12091,124,-1,0.0,2
77000,457.8,18.63,-1.00,2.18,-1.0000,-1.0000,471.33,12091,124,-1,0.0,2
77251,495.5,16.59,-1.00,2.02,-1.0000,-1.0000,471.39,12091,124,-1,0.0,2
77502,583.5,15.62,-1.00,1.71,-1.0000,-1.0000,471.45,12091,124,-1,0.0,2
77752,476.6,12.48,-1.00,2.10,-1.0000,-1.0000,471.51,12091,124,-1,0.0,2
78003,560.1,15.06,-1.00,1.79,-1.0000,-1.0000,471.57,12091,124,-1,0.0,2
78254,598.5,11.38,-1.00,1.67,-1.0000,-1.0000,471.64,12091,124,-1,0.0,2
78504,563.3,15.61,-1.00,1.78,-1.0000,-1.0000,471.69,12091,124,-1,0.0,2
78755,448.4,13.48,-1.00,2.23,-1.0000,-1.0000,471.76,12091,124,-1,0.0,2
79006,518.7,22.93,-1.00,1.93,-1.0000,-1.0000,471.80,12091,124,-1,0.0,2
79257,565.9,18.11,-1.00,1.77,-1.0000,-1.0000,471.86,12091,124,-1,0.0,2
79509,555.5,13.93,-1.00,1.80,-1.0000,-1.0000,471.92,12091,124,-1,0.0,2
79761,499.7,20.69,-1.00,2.00,-1.0000,-1.0000,471.98,12091,124,-1,0.0,2
80011,541.7,12.49,-1.00,1.85,-1.0000,-1.0000,469.22,12091,124,-1,0.0,2
80261,571.0,15.11,-1.00,1.75,-1.0000,-1.0000,469.28,12091,124,-1,0.0,2
80511,489.6,16.14,-1.00,2.04,-1.0000,-1.0000,469.34,12091,124,-1,0.0,2
80763,529.1,18.13,-1.00,1.89,-1.0000,-1.0000,469.40,12091,124,-1,0.0,2
81014,422.8,17.12,-1.00,2.37,-1.0000,-1.0000,469.46,12091,124,-1,0.0,2
81264,547.5,11.46,-1.00,1.83,-1.0000,-1.0000,469.52,12091,124,-1,0.0,2
81516,504.1,13.43,-1.00,1.98,-1.0000,-1.0000,469.58,12091,124,-1,0.0,2
81766,581.8,16.64,-1.00,1.72,-1.0000,-1.0000,469.64,12091,124,-1,0.0,2
82018,534.2,20.17,-1.00,1.87,-1.0000,-1.0000,469.69,12091,124,-1,0.0,2
82269,463.5,19.17,-1.00,2.16,-1.0000,-1.0000,469.75,12091,124,-1,0.0,2
82521,485.7,19.13,-1.00,2.06,-1.0000,-1.0000,469.81,12091,124,-1,0.0,2
82772,522.7,22.35,-1.00,1.91,-1.0000,-1.0000,469.87,12091,124,-1,0.0,2
83023,454.1,15.04,-1.00,2.20,-1.0000,-1.0000,469.95,12091,124,-1,0.0,2
83273,510.9,17.65,-1.00,1.96,-1.0000,-1.0000,470.00,12091,124,-1,0.0,2
83525,486.9,15.50,-1.00,2.05,-1.0000,-1.0000,470.06,12091,124,-1,0.0,2
83776,474.8,17.14,-1.00,2.11,-1.0000,-1.0000,470.11,12091,124,-1,0.0,2
84027,593.1,18.75,-1.00,1.69,-1.0000,-1.0000,470.17,12091,124,-1,0.0,2
84278,510.8,19.70,-1.00,1.96,-1.0000,-1.0000,470.23,12091,124,-1,0.0,2
84530,528.0,17.53,-1.00,1.89,-1.0000,-1.0000,470.29,12091,124,-1,0.0,2
84780,479.5,14.04,-1.00,2.09,-1.0000,-1.0000,470.34,12091,124,-1,0.0,2
85030,455.5,17.70,-1.00,2.20,-1.0000,-1.0000,470.42,12091,124,-1,0.0,2
85281,496.5,18.23,-1.00,2.01,-1.0000,-1.0000,470.46,12091,124,-1,0.0,2
85531,479.8,19.22,-1.00,2.08,-1.0000,-1.0000,470.52,12091,124,-1,0.0,2
85782,463.8,13.48,-1.00,2.16,-1.0000,-1.0000,470.60,12091,124,-1,0.0,2
86034,510.6,18.73,-1.00,1.96,-1.0000,-1.0000,470.65,12091,124,-1,0.0,2
86285,487.6,15.02,-1.00,2.05,-1.0000,-1.0000,470.71,12091,124,-1,0.0,2
86536,546.5,14.49,-1.00,1.83,-1.0000,-1.0000,470.77,12091,124,-1,0.0,2
86787,489.5,16.03,-1.00,2.04,-1.0000,-1.0000,470.77,12091,124,-1,0.0,2
87038,554.5,14.05,-1.00,1.80,-1.0000,-1.0000,470.83,12091,124,-1,0.0,2
87290,504.6,16.51,-1.00,1.98,-1.0000,-1.0000,470.89,12091,124,-1,0.0,2
87541,457.7,19.75,-1.00,2.18,-1.0000,-1.0000,470.95,12091,124,-1,0.0,2
87792,562.8,16.57,-1.00,1.78,-1.0000,-1.0000,471.00,12091,124,-1,0.0,2
88043,464.0,16.11,-1.00,2.15,-1.0000,-1.0000,471.07,12103,127,-1,0.0,2
88293,506.7,13.55,-1.00,1.97,-1.0000,-1.0000,471.13,12103,127,-1,0.0,2
88545,496.1,17.05,-1.00,2.02,-1.0000,-1.0000,471.19,12103,127,-1,0.0,2
88795,517.6,15.10,-1.00,1.93,-1.0000,-1.0000,471.25,12103,127,-1,0.0,2
89046,546.9,18.66,-1.00,1.83,-1.0000,-1.0000,471.31,12103,127,-1,0.0,2
89297,444.5,16.06,-1.00,2.25,-1.0000,-1.0000,471.37,12103,127,-1,0.0,2
89548,483.4,20.28,-1.00,2.07,-1.0000,-1.0000,471.45,12103,127,-1,0.0,2
89800,518.9,13.42,-1.00,1.93,-1.0000,-1.0000,471.49,12103,127,-1,0.0,2
90051,568.5,17.20,-1.00,1.76,-1.0000,-1.0000,471.55,12103,127,-1,0.0,2
90301,498.3,17.62,-1.00,2.01,-1.0000,-1.0000,471.61,12103,127,-1,0.0,2
90553,542.8,15.53,-1.00,1.84,-1.0000,-1.0000,471.67,12103,127,-1,0.0,2
90803,516.4,15.05,-1.00,1.94,-1.0000,-1.0000,471.73,12103,127,-1,0.0,2
91055,530.4,15.57,-1.00,1.89,-1.0000,-1.0000,471.79,12103,127,-1,0.0,2
91306,556.5,21.72,-1.00,1.80,-1.0000,-1.0000,471.85,12103,127,-1,0.0,2
91557,588.4,19.19,-1.00,1.70,-1.0000,-1.0000,471.91,12103,127,-1,0.0,2
91807,535.5,13.55,-1.00,1.87,-1.0000,-1.0000,471.97,12103,127,-1,0.0,2
92058,526.7,16.12,-1.00,1.90,-1.0000,-1.0000,469.19,12103,127,-1,0.0,2
92308,464.3,11.96,-1.00,2.15,-1.0000,-1.0000,469.25,12103,127,-1,0.0,2
92559,383.2,16.10,-1.00,2.61,-1.0000,-1.0000,469.30,12103,127,-1,0.0,2
92809,526.7,16.14,-1.00,1.90,-1.0000,-1.0000,469.36,12103,127,-1,0.0,2
93061,425.6,17.00,-1.00,2.35,-1.0000,-1.0000,469.42,12103,127,-1,0.0,2
93312,474.9,16.61,-1.00,2.11,-1.0000,-1.0000,469.47,12103,127,-1,0.0,2
93563,499.8,18.15,-1.00,2.00,-1.0000,-1.0000,469.53,12103,127,-1,0.0,2
93814,552.6,14.55,-1.00,1.81,-1.0000,-1.0000,469.59,12103,127,-1,0.0,2
94064,590.2,17.14,-1.00,1.69,-1.0000,-1.0000,469.65,12103,127,-1,0.0,2
94316,530.1,17.14,-1.00,1.89,-1.0000,-1.0000,469.73,12103,127,-1,0.0,2
94568,465.1,16.00,-1.00,2.15,-1.0000,-1.0000,469.77,12103,127,-1,0.0,2
94820,486.9,12.44,-1.00,2.05,-1.0000,-1.0000,469.83,12103,127,-1,0.0,2
95070,547.2,12.44,-1.00,1.83,-1.0000,-1.0000,469.89,12103,127,-1,0.0,2
95320,572.0,19.88,-1.00,1.75,-1.0000,-1.0000,469.95,12103,127,-1,0.0,2
95570,406.3,16.57,-1.00,2.46,-1.0000,-1.0000,470.01,12103,127,-1,0.0,2
95822,464.7,15.53,-1.00,2.15,-1.0000,-1.0000,470.06,12103,127,-1,0.0,2
96074,475.3,12.40,-1.00,2.10,-1.0000,-1.0000,470.13,12103,127,-1,0.0,2
96325,480.6,11.94,-1.00,2.08,-1.0000,-1.0000,470.18,12103,127,-1,0.0,2
96576,512.0,14.02,-1.00,1.95,-1.0000,-1.0000,470.24,12103,127,-1,0.0,2
96826,534.6,12.46,-1.00,1.87,-1.0000,-1.0000,470.32,12103,127,-1,0.0,2
97077,531.8,16.60,-1.00,1.88,-1.0000,-1.0000,470.36,12103,127,-1,0.0,2
97329,466.2,17.59,-1.00,2.14,-1.0000,-1.0000,470.42,12103,127,-1,0.0,2
97580,583.6,20.26,-1.00,1.71,-1.0000,-1.0000,470.50,12103,127,-1,0.0,2
97830,491.5,17.12,-1.00,2.03,-1.0000,-1.0000,470.54,12103,127,-1,0.0,2
98082,491.9,16.53,-1.00,2.03,-1.0000,-1.0000,470.60,12103,127,-1,0.0,2
98333,497.5,19.79,-1.00,2.01,-1.0000,-1.0000,470.66,12103,127,-1,0.0,2
98585,584.4,16.08,-1.00,1.71,-1.0000,-1.0000,470.72,12103,127,-1,0.0,2
98837,495.0,15.43,-1.00,2.02,-1.0000,-1.0000,470.77,12103,127,-1,0.0,2
99087,502.5,17.74,-1.00,1.99,-1.0000,-1.0000,470.83,12103,127,-1,0.0,2
99339,523.5,15.45,-1.00,1.91,-1.0000,-1.0000,470.91,12103,127,-1,0.0,2
99589,517.0,18.25,-1.00,1.93,-1.0000,-1.0000,470.95,12103,127,-1,0.0,2
99841,534.0,16.54,-1.00,1.87,-1.0000,-1.0000,471.01,12103,127,-1,0.0,2
100093,540.7,14.98,-1.00,1.85,-1.0000,-1.0000,471.07,12103,127,-1,0.0,2
100344,432.6,19.21,-1.00,2.31,-1.0000,-1.0000,471.13,12103,127,-1,0.0,2
100595,514.9,16.64,-1.00,1.94,-1.0000,-1.0000,471.19,12103,127,-1,0.0,2
100845,486.7,12.97,-1.00,2.05,-1.0000,-1.0000,471.25,12103,127,-1,0.0,2
101097,501.4,15.51,-1.00,1.99,-1.0000,-1.0000,471.33,12103,127,-1,0.0,2
101348,447.0,13.47,-1.00,2.24,-1.0000,-1.0000,471.37,12103,127,-1,0.0,2
101598,470.2,21.82,-1.00,2.13,-1.0000,-1.0000,471.43,12103,127,-1,0.0,2
101850,462.2,16.55,-1.00,2.16,-1.0000,-1.0000,471.49,12103,127,-1,0.0,2
102101,502.0,17.67,-1.00,1.99,-1.0000,-1.0000,471.56,12103,127,-1,0.0,2
102351,446.0,14.06,-1.00,2.24,-1.0000,-1.0000,471.60,12103,127,-1,0.0,2
102603,491.0,18.11,-1.00,2.04,-1.0000,-1.0000,471.66,12103,127,-1,0.0,2
102854,565.6,17.58,-1.00,1.77,-1.0000,-1.0000,471.72,12103,127,-1,0.0,2
103105,604.5,15.62,-1.00,1.65,-1.0000,-1.0000,471.80,12103,127,-1,0.0,2
103355,496.7,20.27,-1.00,2.01,-1.0000,-1.0000,471.84,12103,127,-1,0.0,2
103606,572.6,23.42,-1.00,1.75,-1.0000,-1.0000,471.91,12103,127,-1,0.0,2
103857,562.8,15.00,-1.00,1.78,-1.0000,-1.0000,471.96,12103,127,-1,0.0,2
104107,578.0,17.19,-1.00,1.73,-1.0000,-1.0000,472.03,12103,127,-1,0.0,2
104359,434.8,12.96,-1.00,2.30,-1.0000,-1.0000,469.23,12103,127,-1,0.0,2
104610,503.0,11.90,-1.00,1.99,-1.0000,-1.0000,469.29,12103,127,-1,0.0,2
104860,516.3,14.07,-1.00,1.94,-1.0000,-1.0000,469.35,12103,127,-1,0.0,2
105110,439.8,20.84,-1.00,2.27,-1.0000,-1.0000,469.41,12103,127,-1,0.0,2
105361,538.7,18.13,-1.00,1.86,-1.0000,-1.0000,469.47,12103,127,-1,0.0,2
105613,566.4,16.08,-1.00,1.77,-1.0000,-1.0000,469.53,12103,127,-1,0.0,2
105864,445.0,20.10,-1.00,2.25,-1.0000,-1.0000,469.61,12141,134,-1,0.0,2
106115,538.5,14.52,-1.00,1.86,-1.0000,-1.0000,469.67,12141,134,-1,0.0,2
106366,525.3,15.07,-1.00,1.90,-1.0000,-1.0000,469.73,12141,134,-1,0.0,2
106617,531.0,17.13,-1.00,1.88,-1.0000,-1.0000,469.79,12141,134,-1,0.0,2
106869,501.3,19.69,-1.00,1.99,-1.0000,-1.0000,469.85,12141,134,-1,0.0,2
107119,589.8,16.10,-1.00,1.70,-1.0000,-1.0000,469.93,12141,134,-1,0.0,2
107370,469.5,15.58,-1.00,2.13,-1.0000,-1.0000,469.97,12141,134,-1,0.0,2
107622,502.4,16.05,-1.00,1.99,-1.0000,-1.0000,470.03,12141,134,-1,0.0,2
107873,553.3,18.09,-1.00,1.81,-1.0000,-1.0000,470.09,12141,134,-1,0.0,2
108125,533.8,17.61,-1.00,1.87,-1.0000,-1.0000,470.16,12141,134,-1,0.0,2
108375,548.9,15.07,-1.00,1.82,-1.0000,-1.0000,470.20,12141,134,-1,0.0,2
108626,592.4,12.99,-1.00,1.69,-1.0000,-1.0000,470.26,12141,134,-1,0.0,2
108876,544.8,15.05,-1.00,1.84,-1.0000,-1.0000,470.32,12141,134,-1,0.0,2
109128,526.6,13.48,-1.00,1.90,-1.0000,-1.0000,470.38,12141,134,-1,0.0,2
109378,579.7,13.48,-1.00,1.73,-1.0000,-1.0000,470.44,12141,134,-1,0.0,2
109629,510.7,19.20,-1.00,1.96,-1.0000,-1.0000,470.50,12141,134,-1,0.0,2
109881,516.2,15.06,-1.00,1.94,-1.0000,-1.0000,470.56,12141,134,-1,0.0,2
110132,444.4,17.05,-1.00,2.25,-1.0000,-1.0000,470.61,12141,134,-1,0.0,2
110382,575.9,16.75,-1.00,1.74,-1.0000,-1.0000,470.67,12141,134,-1,0.0,2
110633,559.6,15.53,-1.00,1.79,-1.0000,-1.0000,470.73,12141,134,-1,0.0,2
110884,463.0,11.92,-1.00,2.16,-1.0000,-1.0000,470.81,12141,134,-1,0.0,2
111135,557.8,19.68,-1.00,1.79,-1.0000,-1.0000,470.85,12141,134,-1,0.0,2
111386,538.9,17.70,-1.00,1.86,-1.0000,-1.0000,470.91,12141,134,-1,0.0,2
111637,455.1,20.18,-1.00,2.20,-1.0000,-1.0000,470.96,12141,134,-1,0.0,2
111889,507.0,17.61,-1.00,1.97,-1.0000,-1.0000,471.04,12141,134,-1,0.0,2
112141,485.4,16.04,-1.00,2.06,-1.0000,-1.0000,471.10,12141,134,-1,0.0,2
112391,488.2,17.67,-1.00,2.05,-1.0000,-1.0000,471.14,12141,134,-1,0.0,2
112643,472.7,13.47,-1.00,2.12,-1.0000,-1.0000,471.20,12141,134,-1,0.0,2
112894,509.6,13.96,-1.00,1.96,-1.0000,-1.0000,471.26,12141,134,-1,0.0,2
113145,510.7,16.65,-1.00,1.96,-1.0000,-1.0000,471.32,12141,134,-1,0.0,2
113396,525.7,18.11,-1.00,1.90,-1.0000,-1.0000,471.37,12141,134,-1,0.0,2
113648,446.5,15.54,-1.00,2.24,-1.0000,-1.0000,471.43,12141,134,-1,0.0,2
113899,533.6,16.03,-1.00,1.87,-1.0000,-1.0000,471.49,12141,134,-1,0.0,2
114150,533.2,14.03,-1.00,1.88,-1.0000,-1.0000,471.57,12141,134,-1,0.0,2
114400,554.2,14.57,-1.00,1.80,-1.0000,-1.0000,471.61,12141,134,-1,0.0,2
114651,418.7,15.03,-1.00,2.39,-1.0000,-1.0000,471.67,12141,134,-1,0.0,2
114902,595.7,15.15,-1.00,1.68,-1.0000,-1.0000,471.73,12141,134,-1,0.0,2
115153,538.7,19.05,-1.00,1.86,-1.0000,-1.0000,471.79,12141,134,-1,0.0,2
115403,535.9,21.33,-1.00,1.87,-1.0000,-1.0000,471.85,12141,134,-1,0.0,2
115655,471.7,16.58,-1.00,2.12,-1.0000,-1.0000,471.91,12141,134,-1,0.0,2
115906,581.2,18.72,-1.00,1.72,-1.0000,-1.0000,471.97,12153,136,-1,0.0,2
116157,576.5,15.56,-1.00,1.73,-1.0000,-1.0000,472.04,12153,136,-1,0.0,2
116409,181.0,19.05,-1.00,5.53,-1.0000,-1.0000,472.09,12153,136,-1,0.0,2
116660,511.8,17.69,-1.00,1.95,-1.0000,-1.0000,469.29,12153,136,-1,0.0,2
116912,505.0,16.02,-1.00,1.98,-1.0000,-1.0000,469.29,12153,136,-1,0.0,2
117163,552.6,15.05,-1.00,1.81,-1.0000,-1.0000,469.37,12153,136,-1,0.0,2
117414,486.5,20.26,-1.00,2.06,-1.0000,-1.0000,469.41,12153,136,-1,0.0,2
117665,542.2,17.63,-1.00,1.84,-1.0000,-1.0000,469.47,12153,136,-1,0.0,2
117915,563.9,20.79,-1.00,1.77,-1.0000,-1.0000,469.53,12153,136,-1,0.0,2
118165,540.4,12.49,-1.00,1.85,-1.0000,-1.0000,469.59,12153,136,-1,0.0,2
118415,563.3,13.54,-1.00,1.78,-1.0000,-1.0000,469.64,12153,136,-1,0.0,2
118666,444.2,17.15,-1.00,2.25,-1.0000,-1.0000,469.70,12153,136,-1,0.0,2
118918,496.8,14.46,-1.00,2.01,-1.0000,-1.0000,469.76,12153,136,-1,0.0,2
119169,510.8,18.14,-1.00,1.96,-1.0000,-1.0000,469.84,12153,136,-1,0.0,2
119421,507.1,17.58,-1.00,1.97,-1.0000,-1.0000,469.88,12153,136,-1,0.0,2
119672,581.7,15.57,-1.00,1.72,-1.0000,-1.0000,469.94,12153,136,-1,0.0,2
119924,515.0,16.08,-1.00,1.94,-1.0000,-1.0000,470.00,12153,136,-1,0.0,2
120174,603.9,16.15,-1.00,1.66,-1.0000,-1.0000,470.06,12153,136,-1,0.0,2
120424,563.3,17.62,-1.00,1.78,-1.0000,-1.0000,470.13,12153,136,-1,0.0,2
120676,514.5,19.69,-1.00,1.94,-1.0000,-1.0000,470.19,12153,136,-1,0.0,2
120926,515.5,16.13,-1.00,1.94,-1.0000,-1.0000,470.23,12153,136,-1,0.0,2
121177,488.0,21.81,-1.00,2.05,-1.0000,-1.0000,470.29,12153,136,-1,0.0,2
121428,523.9,12.40,-1.00,1.91,-1.0000,-1.0000,470.37,12153,136,-1,0.0,2
121680,467.6,16.54,-1.00,2.14,-1.0000,-1.0000,470.43,12153,136,-1,0.0,2
121931,534.7,17.67,-1.00,1.87,-1.0000,-1.0000,470.47,12153,136,-1,0.0,2
122181,571.9,15.60,-1.00,1.75,-1.0000,-1.0000,470.53,12153,136,-1,0.0,2
122432,519.3,15.60,-1.00,1.93,-1.0000,-1.0000,470.58,12153,136,-1,0.0,2
122683,556.7,14.54,-1.00,1.80,-1.0000,-1.0000,470.64,12153,136,-1,0.0,2
122933,531.2,18.24,-1.00,1.88,-1.0000,-1.0000,470.70,12153,136,-1,0.0,2
123185,510.2,15.97,-1.00,1.96,-1.0000,-1.0000,470.76,12153,136,-1,0.0,2
123435,545.1,17.20,-1.00,1.83,-1.0000,-1.0000,470.82,12153,136,-1,0.0,2
123686,556.6,11.91,-1.00,1.80,-1.0000,-1.0000,470.90,12153,136,-1,0.0,2
123937,576.5,22.41,-1.00,1.73,-1.0000,-1.0000,470.94,12165,139,-1,0.0,2
124189,501.1,16.52,-1.00,2.00,-1.0000,-1.0000,471.01,12165,139,-1,0.0,2
124439,542.4,15.61,-1.00,1.84,-1.0000,-1.0000,471.08,12165,139,-1,0.0,2
124690,472.7,15.06,-1.00,2.12,-1.0000,-1.0000,471.13,12165,139,-1,0.0,2
124940,470.1,16.67,-1.00,2.13,-1.0000,-1.0000,471.18,12165,139,-1,0.0,2
125190,569.4,16.08,-1.00,1.76,-1.0000,-1.0000,471.26,12165,139,-1,0.0,2
125441,404.4,15.08,-1.00,2.47,-1.0000,-1.0000,471.30,12165,139,-1,0.0,2
125691,560.0,15.08,-1.00,1.79,-1.0000,-1.0000,471.36,12165,139,-1,0.0,2
125942,493.0,21.92,-1.00,2.03,-1.0000,-1.0000,471.43,12177,141,-1,0.0,2
126193,543.7,15.54,-1.00,1.84,-1.0000,-1.0000,471.49,12177,141,-1,0.0,2
126444,518.5,12.98,-1.00,1.93,-1.0000,-1.0000,471.55,12177,141,-1,0.0,2
126696,495.9,17.58,-1.00,2.02,-1.0000,-1.0000,471.61,12177,141,-1,0.0,2
126947,511.8,19.62,-1.00,1.95,-1.0000,-1.0000,471.67,12177,141,-1,0.0,2
127198,549.1,16.62,-1.00,1.82,-1.0000,-1.0000,471.73,12177,141,-1,0.0,2
127449,513.2,22.28,-1.00,1.95,-1.0000,-1.0000,471.80,12177,141,-1,0.0,2
127699,589.5,18.25,-1.00,1.70,-1.0000,-1.0000,471.84,12177,141,-1,0.0,2
127951,463.8,18.51,-1.00,2.16,-1.0000,-1.0000,471.90,12177,141,-1,0.0,2
128203,488.2,15.03,-1.00,2.05,-1.0000,-1.0000,471.96,12177,141,-1,0.0,2
128454,360.8,18.22,-1.00,2.77,-1.0000,-1.0000,472.03,12177,141,-1,0.0,2
128705,178.7,18.61,-1.00,5.60,-1.0000,-1.0000,472.07,12177,141,-1,0.0,2
128955,439.2,16.60,-1.00,2.28,-1.0000,-1.0000,469.26,12177,141,-1,0.0,2
129206,425.4,19.78,-1.00,2.35,-1.0000,-1.0000,469.34,12177,141,-1,0.0,2
129458,477.7,14.98,-1.00,2.09,-1.0000,-1.0000,469.38,12177,141,-1,0.0,2
129709,542.3,16.10,-1.00,1.84,-1.0000,-1.0000,469.44,12177,141,-1,0.0,2
129960,537.5,13.44,-1.00,1.86,-1.0000,-1.0000,469.52,12177,141,-1,0.0,2
130210,415.0,22.97,-1.00,2.41,-1.0000,-1.0000,469.56,12177,141,-1,0.0,2
130461,479.4,18.12,-1.00,2.09,-1.0000,-1.0000,469.61,12177,141,-1,0.0,2
130712,506.5,16.60,-1.00,1.97,-1.0000,-1.0000,469.67,12177,141,-1,0.0,2
130964,434.7,12.46,-1.00,2.30,-1.0000,-1.0000,469.73,12177,141,-1,0.0,2
131215,478.8,14.99,-1.00,2.09,-1.0000,-1.0000,469.78,12177,141,-1,0.0,2
131467,473.9,15.02,-1.00,2.11,-1.0000,-1.0000,469.84,12177,141,-1,0.0,2
131718,433.0,19.16,-1.00,2.31,-1.0000,-1.0000,469.90,12177,141,-1,0.0,2
131969,523.7,21.80,-1.00,1.91,-1.0000,-1.0000,469.95,12177,141,-1,0.0,2
132221,550.0,16.55,-1.00,1.82,-1.0000,-1.0000,470.01,12177,141,-1,0.0,2
132471,512.5,14.55,-1.00,1.95,-1.0000,-1.0000,470.07,12177,141,-1,0.0,2
132722,566.5,16.04,-1.00,1.77,-1.0000,-1.0000,470.14,12177,141,-1,0.0,2
132974,568.9,14.53,-1.00,1.76,-1.0000,-1.0000,470.19,12177,141,-1,0.0,2
133224,572.9,16.17,-1.00,1.75,-1.0000,-1.0000,470.24,12177,141,-1,0.0,2
133475,579.0,21.74,-1.00,1.73,-1.0000,-1.0000,470.30,12177,141,-1,0.0,2
133726,610.5,16.11,-1.00,1.64,-1.0000,-1.0000,470.38,12177,141,-1,0.0,2
133976,490.9,20.73,-1.00,2.04,-1.0000,-1.0000,470.43,12177,141,-1,0.0,2
134228,534.6,16.65,-1.00,1.87,-1.0000,-1.0000,470.48,12177,141,-1,0.0,2
134479,558.7,15.46,-1.00,1.79,-1.0000,-1.0000,470.54,12177,141,-1,0.0,2
134730,545.9,20.81,-1.00,1.83,-1.0000,-1.0000,470.60,12177,141,-1,0.0,2
134981,476.9,22.86,-1.00,2.10,-1.0000,-1.0000,470.66,12177,141,-1,0.0,2
135232,474.3,17.09,-1.00,2.11,-1.0000,-1.0000,470.71,12177,141,-1,0.0,2
135483,548.3,17.66,-1.00,1.82,-1.0000,-1.0000,470.77,12177,141,-1,0.0,2
135733,567.1,17.14,-1.00,1.76,-1.0000,-1.0000,470.83,12177,141,-1,0.0,2
135985,515.9,17.60,-1.00,1.94,-1.0000,-1.0000,470.90,12189,143,-1,0.0,2
136235,489.9,18.28,-1.00,2.04,-1.0000,-1.0000,470.96,12189,143,-1,0.0,2
136486,501.8,15.01,-1.00,1.99,-1.0000,-1.0000,471.02,12189,143,-1,0.0,2
136737,481.3,18.68,-1.00,2.08,-1.0000,-1.0000,471.08,12189,143,-1,0.0,2
136988,487.7,25.87,-1.00,2.05,-1.0000,-1.0000,471.14,12189,143,-1,0.0,2
137240,552.7,14.53,-1.00,1.81,-1.0000,-1.0000,471.20,12189,143,-1,0.0,2
137490,560.0,17.68,-1.00,1.79,-1.0000,-1.0000,471.25,12189,143,-1,0.0,2
137740,553.8,16.63,-1.00,1.81,-1.0000,-1.0000,471.31,12189,143,-1,0.0,2
137991,553.4,15.64,-1.00,1.81,-1.0000,-1.0000,471.37,12189,143,-1,0.0,2
138241,530.3,16.65,-1.00,1.89,-1.0000,-1.0000,471.43,12189,143,-1,0.0,2
138492,506.4,18.13,-1.00,1.97,-1.0000,-1.0000,471.49,12189,143,-1,0.0,2
138743,491.4,17.05,-1.00,2.03,-1.0000,-1.0000,471.55,12189,143,-1,0.0,2
138994,518.6,14.03,-1.00,1.93,-1.0000,-1.0000,471.61,12189,143,-1,0.0,2
139245,540.9,19.80,-1.00,1.85,-1.0000,-1.0000,471.67,12189,143,-1,0.0,2
139496,398.7,17.56,-1.00,2.51,-1.0000,-1.0000,471.72,12189,143,-1,0.0,2
139747,563.7,14.56,-1.00,1.77,-1.0000,-1.0000,471.78,12189,143,-1,0.0,2
139998,535.1,16.60,-1.00,1.87,-1.0000,-1.0000,471.84,12189,143,-1,0.0,2
140248,563.9,16.15,-1.00,1.77,-1.0000,-1.0000,471.90,12189,143,-1,0.0,2
140498,583.5,20.36,-1.00,1.71,-1.0000,-1.0000,471.96,12189,143,-1,0.0,2
140749,596.1,12.90,-1.00,1.68,-1.0000,-1.0000,472.02,12189,143,-1,0.0,2
141001,523.8,18.13,-1.00,1.91,-1.0000,-1.0000,472.08,12189,143,-1,0.0,2
141252,456.1,13.51,-1.00,2.19,-1.0000,-1.0000,469.26,12189,143,-1,0.0,2
141502,494.9,14.54,-1.00,2.02,-1.0000,-1.0000,469.32,12189,143,-1,0.0,2
141753,491.9,12.97,-1.00,2.03,-1.0000,-1.0000,469.38,12189,143,-1,0.0,2
142004,581.0,16.65,-1.00,1.72,-1.0000,-1.0000,469.45,12201,146,-1,0.0,2
142254,563.8,17.16,-1.00,1.77,-1.0000,-1.0000,469.51,12201,146,-1,0.0,2
142504,559.9,11.45,-1.00,1.79,-1.0000,-1.0000,469.56,12201,146,-1,0.0,2
142755,571.3,20.31,-1.00,1.75,-1.0000,-1.0000,469.62,12201,146,-1,0.0,2
143007,471.4,17.52,-1.00,2.12,-1.0000,-1.0000,469.68,12201,146,-1,0.0,2
143257,547.2,17.75,-1.00,1.83,-1.0000,-1.0000,469.74,12201,146,-1,0.0,2
143509,424.2,13.94,-1.00,2.36,-1.0000,-1.0000,469.82,12201,146,-1,0.0,2
143762,206.1,8.72,-1.00,4.85,-1.0000,-1.0000,469.84,12201,146,-1,0.0,2
144013,343.9,16.09,-1.00,2.91,-1.0000,-1.0000,469.89,12201,146,-1,0.0,2
144265,74.6,12.96,-1.00,13.40,-1.0000,-1.0000,469.94,12201,146,-1,0.0,2
144515,378.9,14.56,-1.00,2.64,-1.0000,-1.0000,469.98,12201,146,-1,0.0,2
144766,402.1,13.98,-1.00,2.49,-1.0000,-1.0000,470.04,12201,146,-1,0.0,2
145017,490.2,15.04,-1.00,2.04,-1.0000,-1.0000,470.09,12201,146,-1,0.0,2
145267,514.7,16.17,-1.00,1.94,-1.0000,-1.0000,470.14,12201,146,-1,0.0,2
145520,451.4,16.47,-1.00,2.22,-1.0000,-1.0000,470.20,12201,146,-1,0.0,2
145770,556.7,15.62,-1.00,1.80,-1.0000,-1.0000,470.26,12201,146,-1,0.0,2
146020,588.7,16.12,-1.00,1.70,-1.0000,-1.0000,470.32,12201,146,-1,0.0,2
146271,467.7,14.02,-1.00,2.14,-1.0000,-1.0000,470.37,12201,146,-1,0.0,2
146522,449.9,18.67,-1.00,2.22,-1.0000,-1.0000,470.43,12201,146,-1,0.0,2
146772,441.4,15.65,-1.00,2.27,-1.0000,-1.0000,470.49,12201,146,-1,0.0,2
147024,470.7,16.04,-1.00,2.12,-1.0000,-1.0000,470.51,12201,146,-1,0.0,2
147276,492.2,18.01,-1.00,2.03,-1.0000,-1.0000,470.55,12201,146,-1,0.0,2
147528,389.0,17.08,-1.00,2.57,-1.0000,-1.0000,470.71,12369,174,-1,0.0,2
147779,468.4,11.40,-1.00,2.14,-1.0000,-1.0000,470.98,12681,226,-1,0.0,2
148031,568.1,18.08,-1.00,1.76,-1.0000,-1.0000,470.90,12465,190,-1,0.0,2
148282,586.1,15.61,-1.00,1.71,-1.0000,-1.0000,470.78,12201,146,-1,0.0,2
148534,545.9,18.56,-1.00,1.83,-1.0000,-1.0000,470.84,12201,146,-1,0.0,2
148786,475.4,14.50,-1.00,2.10,-1.0000,-1.0000,470.90,12201,146,-1,0.0,2
149036,443.7,18.17,-1.00,2.25,-1.0000,-1.0000,470.97,12201,146,-1,0.0,2
149286,450.5,18.22,-1.00,2.22,-1.0000,-1.0000,471.01,12201,146,-1,0.0,2
149538,533.5,13.44,-1.00,1.87,-1.0000,-1.0000,471.07,12201,146,-1,0.0,2
149789,425.0,18.64,-1.00,2.35,-1.0000,-1.0000,471.12,12201,146,-1,0.0,2
150040,494.2,17.14,-1.00,2.02,-1.0000,-1.0000,471.20,12201,146,-1,0.0,2
150292,477.7,16.52,-1.00,2.09,-1.0000,-1.0000,471.24,12201,146,-1,0.0,2
150544,460.6,15.49,-1.00,2.17,-1.0000,-1.0000,471.29,12201,146,-1,0.0,2
150795,473.9,11.45,-1.00,2.11,-1.0000,-1.0000,471.35,12201,146,-1,0.0,2
151046,492.1,18.09,-1.00,2.03,-1.0000,-1.0000,471.42,12211,148,-1,0.0,2
151297,492.8,17.13,-1.00,2.03,-1.0000,-1.0000,471.47,12199,146,-1,0.0,2
151548,507.0,15.60,-1.00,1.97,-1.0000,-1.0000,471.53,12211,148,-1,0.0,2
151799,418.0,16.05,-1.00,2.39,-1.0000,-1.0000,471.59,12211,148,-1,0.0,2
152049,537.3,13.00,-1.00,1.86,-1.0000,-1.0000,471.64,12211,148,-1,0.0,2
152300,558.1,17.12,-1.00,1.79,-1.0000,-1.0000,471.70,12211,148,-1,0.0,2
152551,450.6,14.05,-1.00,2.22,-1.0000,-1.0000,471.75,12211,148,-1,0.0,2
152802,467.0,14.55,-1.00,2.14,-1.0000,-1.0000,471.82,12207,147,-1,0.0,2
153052,505.6,19.75,-1.00,1.98,-1.0000,-1.0000,471.89,12207,147,-1,0.0,2
153304,399.9,10.36,-1.00,2.50,-1.0000,-1.0000,471.93,12207,147,-1,0.0,2
153554,460.5,15.06,-1.00,2.17,-1.0000,-1.0000,471.99,12207,147,-1,0.0,2
153805,530.6,14.51,-1.00,1.88,-1.0000,-1.0000,472.06,12207,147,-1,0.0,2
154056,468.3,17.59,-1.00,2.14,-1.0000,-1.0000,472.10,12207,147,-1,0.0,2
154308,507.3,13.98,-1.00,1.97,-1.0000,-1.0000,469.29,12207,147,-1,0.0,2
154559,473.4,16.61,-1.00,2.11,-1.0000,-1.0000,469.33,12207,147,-1,0.0,2
154809,447.7,15.62,-1.00,2.23,-1.0000,-1.0000,469.41,12207,147,-1,0.0,2
155061,471.9,11.38,-1.00,2.12,-1.0000,-1.0000,469.45,12207,147,-1,0.0,2
155313,528.1,14.45,-1.00,1.89,-1.0000,-1.0000,469.50,12207,147,-1,0.0,2
155564,569.9,14.50,-1.00,1.75,-1.0000,-1.0000,469.56,12207,147,-1,0.0,2
155815,528.8,12.47,-1.00,1.89,-1.0000,-1.0000,469.61,12207,147,-1,0.0,2
156067,492.8,18.65,-1.00,2.03,-1.0000,-1.0000,469.68,12219,149,-1,0.0,2
156319,468.6,14.96,-1.00,2.13,-1.0000,-1.0000,469.75,12215,148,-1,0.0,2
156571,440.5,15.53,-1.00,2.27,-1.0000,-1.0000,469.80,12215,148,-1,0.0,2
156823,506.7,20.19,-1.00,1.97,-1.0000,-1.0000,469.86,12215,148,-1,0.0,2
157073,454.4,18.13,-1.00,2.20,-1.0000,-1.0000,469.91,12215,148,-1,0.0,2
157324,511.8,16.67,-1.00,1.95,-1.0000,-1.0000,469.99,12215,148,-1,0.0,2
157574,508.4,12.97,-1.00,1.97,-1.0000,-1.0000,470.03,12215,148,-1,0.0,2
157826,526.5,15.01,-1.00,1.90,-1.0000,-1.0000,470.08,12215,148,-1,0.0,2
158078,510.4,16.54,-1.00,1.96,-1.0000,-1.0000,470.14,12215,148,-1,0.0,2
158330,341.3,13.95,-1.00,2.93,-1.0000,-1.0000,470.20,12215,148,-1,0.0,2
158581,532.1,14.53,-1.00,1.88,-1.0000,-1.0000,470.25,12215,148,-1,0.0,2
158833,475.9,20.13,-1.00,2.10,-1.0000,-1.0000,470.32,12215,148,-1,0.0,2
159084,514.0,17.64,-1.00,1.95,-1.0000,-1.0000,470.36,12215,148,-1,0.0,2
159334,511.6,16.66,-1.00,1.95,-1.0000,-1.0000,470.42,12215,148,-1,0.0,2
159585,512.1,15.61,-1.00,1.95,-1.0000,-1.0000,470.48,12215,148,-1,0.0,2
159835,490.7,16.11,-1.00,2.04,-1.0000,-1.0000,470.53,12215,148,-1,0.0,2
160087,487.0,13.95,-1.00,2.05,-1.0000,-1.0000,470.61,12229,151,-1,0.0,2
160338,519.3,14.53,-1.00,1.93,-1.0000,-1.0000,470.66,12229,151,-1,0.0,2
160589,462.9,14.49,-1.00,2.16,-1.0000,-1.0000,470.72,12229,151,-1,0.0,2
160840,529.5,17.17,-1.00,1.89,-1.0000,-1.0000,470.78,12229,151,-1,0.0,2
161091,478.8,18.69,-1.00,2.09,-1.0000,-1.0000,470.83,12229,151,-1,0.0,2
161343,445.8,16.06,-1.00,2.24,-1.0000,-1.0000,470.89,12229,151,-1,0.0,2
161594,553.8,12.92,-1.00,1.81,-1.0000,-1.0000,470.95,12229,151,-1,0.0,2
161845,494.2,19.22,-1.00,2.02,-1.0000,-1.0000,471.02,12229,151,-1,0.0,2
162095,508.6,18.20,-1.00,1.97,-1.0000,-1.0000,471.06,12229,151,-1,0.0,2
162346,477.6,14.01,-1.00,2.09,-1.0000,-1.0000,471.12,12229,151,-1,0.0,2
162596,509.5,16.12,-1.00,1.96,-1.0000,-1.0000,471.17,12229,151,-1,0.0,2
162846,525.8,12.52,-1.00,1.90,-1.0000,-1.0000,471.24,12229,151,-1,0.0,2
163098,465.0,14.00,-1.00,2.15,-1.0000,-1.0000,471.28,12229,151,-1,0.0,2
163348,422.6,14.50,-1.00,2.37,-1.0000,-1.0000,471.34,12229,151,-1,0.0,2
163599,470.2,15.08,-1.00,2.13,-1.0000,-1.0000,471.39,12229,151,-1,0.0,2
163851,513.0,16.54,-1.00,1.95,-1.0000,-1.0000,471.45,12229,151,-1,0.0,2
164101,390.6,21.86,-1.00,2.56,-1.0000,-1.0000,471.51,12229,151,-1,0.0,2
164352,493.0,18.18,-1.00,2.03,-1.0000,-1.0000,471.56,12229,151,-1,0.0,2
164603,475.3,12.49,-1.00,2.10,-1.0000,-1.0000,471.62,12229,151,-1,0.0,2
164854,566.6,14.48,-1.00,1.76,-1.0000,-1.0000,471.68,12229,151,-1,0.0,2
165105,494.3,15.04,-1.00,2.02,-1.0000,-1.0000,471.73,12229,151,-1,0.0,2
165355,527.9,18.25,-1.00,1.89,-1.0000,-1.0000,471.79,12229,151,-1,0.0,2
165606,562.8,19.18,-1.00,1.78,-1.0000,-1.0000,471.84,12229,151,-1,0.0,2
165858,481.3,13.99,-1.00,2.08,-1.0000,-1.0000,471.90,12229,151,-1,0.0,2
166109,459.2,20.67,-1.00,2.18,-1.0000,-1.0000,471.97,12241,153,-1,0.0,2
166361,529.3,17.63,-1.00,1.89,-1.0000,-1.0000,472.03,12241,153,-1,0.0,2
166611,462.6,20.75,-1.00,2.16,-1.0000,-1.0000,472.09,12241,153,-1,0.0,2
166861,539.1,12.49,-1.00,1.86,-1.0000,-1.0000,472.14,12241,153,-1,0.0,2
167114,294.5,12.33,-1.00,3.40,-1.0000,-1.0000,471.47,12241,153,-1,0.0,2
167365,503.6,17.68,-1.00,1.99,-1.0000,-1.0000,469.37,12241,153,-1,0.0,2
167616,529.1,15.11,-1.00,1.89,-1.0000,-1.0000,469.42,12241,153,-1,0.0,2
167867,470.5,13.44,-1.00,2.13,-1.0000,-1.0000,469.48,12241,153,-1,0.0,2
168118,544.4,19.66,-1.00,1.84,-1.0000,-1.0000,469.54,12241,153,-1,0.0,2
168373,203.1,17.43,-1.00,4.92,-1.0000,-1.0000,469.58,12241,153,-1,0.0,2
168624,463.2,19.20,-1.00,2.16,-1.0000,-1.0000,469.64,12241,153,-1,0.0,2
168875,457.3,21.18,-1.00,2.19,-1.0000,-1.0000,469.68,12241,153,-1,0.0,2
169127,406.4,16.58,-1.00,2.46,-1.0000,-1.0000,469.73,12241,153,-1,0.0,2
169377,374.6,17.18,-1.00,2.67,-1.0000,-1.0000,469.78,12241,153,-1,0.0,2
169628,321.9,14.01,-1.00,3.11,-1.0000,-1.0000,469.83,12241,153,-1,0.0,2
169879,470.0,12.51,-1.00,2.13,-1.0000,-1.0000,469.88,12241,153,-1,0.0,2
170130,383.6,18.56,-1.00,2.61,-1.0000,-1.0000,469.93,12241,153,-1,0.0,2
170381,446.0,23.38,-1.00,2.24,-1.0000,-1.0000,469.98,12241,153,-1,0.0,2
170632,500.4,16.56,-1.00,2.00,-1.0000,-1.0000,470.03,12241,153,-1,0.0,2
170884,412.3,13.45,-1.00,2.43,-1.0000,-1.0000,470.08,12241,153,-1,0.0,2
171136,405.4,13.96,-1.00,2.47,-1.0000,-1.0000,470.13,12241,153,-1,0.0,2
171388,516.9,12.93,-1.00,1.93,-1.0000,-1.0000,470.18,12241,153,-1,0.0,2
171639,517.9,17.13,-1.00,1.93,-1.0000,-1.0000,470.24,12241,153,-1,0.0,2
171890,420.9,18.75,-1.00,2.38,-1.0000,-1.0000,470.30,12241,153,-1,0.0,2
172141,541.8,16.07,-1.00,1.85,-1.0000,-1.0000,470.35,12241,153,-1,0.0,2
172392,417.4,16.56,-1.00,2.40,-1.0000,-1.0000,470.41,12241,153,-1,0.0,2
172642,547.1,14.03,-1.00,1.83,-1.0000,-1.0000,470.48,12241,153,-1,0.0,2
172893,532.9,19.71,-1.00,1.88,-1.0000,-1.0000,470.52,12241,153,-1,0.0,2
173144,521.9,18.18,-1.00,1.92,-1.0000,-1.0000,470.58,12241,153,-1,0.0,2
173396,524.5,13.94,-1.00,1.91,-1.0000,-1.0000,470.63,12241,153,-1,0.0,2
173646,454.8,16.70,-1.00,2.20,-1.0000,-1.0000,470.69,12241,153,-1,0.0,2
173898,459.1,13.44,-1.00,2.18,-1.0000,-1.0000,470.75,12241,153,-1,0.0,2
174149,484.2,18.75,-1.00,2.07,-1.0000,-1.0000,470.80,12241,153,-1,0.0,2
174399,514.2,21.24,-1.00,1.94,-1.0000,-1.0000,470.86,12241,153,-1,0.0,2
174650,517.9,21.33,-1.00,1.93,-1.0000,-1.0000,470.91,12241,153,-1,0.0,2
174900,479.5,18.69,-1.00,2.09,-1.0000,-1.0000,470.97,12241,153,-1,0.0,2
175151,514.2,14.50,-1.00,1.94,-1.0000,-1.0000,471.02,12241,153,-1,0.0,2
175402,511.9,11.94,-1.00,1.95,-1.0000,-1.0000,471.08,12237,152,-1,0.0,2
175653,516.9,14.53,-1.00,1.93,-1.0000,-1.0000,471.14,12237,152,-1,0.0,2
175904,487.0,15.07,-1.00,2.05,-1.0000,-1.0000,471.20,12249,154,-1,0.0,2
176154,502.6,14.62,-1.00,1.99,-1.0000,-1.0000,471.28,12249,154,-1,0.0,2
176406,573.6,14.97,-1.00,1.74,-1.0000,-1.0000,471.32,12249,154,-1,0.0,2
176656,501.2,21.28,-1.00,2.00,-1.0000,-1.0000,471.38,12249,154,-1,0.0,2
176907,586.5,18.76,-1.00,1.70,-1.0000,-1.0000,471.38,12249,154,-1,0.0,2
177158,565.2,18.62,-1.00,1.77,-1.0000,-1.0000,471.43,12249,154,-1,0.0,2
177410,393.3,18.58,-1.00,2.54,-1.0000,-1.0000,471.49,12249,154,-1,0.0,2
177661,551.2,15.59,-1.00,1.81,-1.0000,-1.0000,471.54,12249,154,-1,0.0,2
177911,533.4,14.08,-1.00,1.87,-1.0000,-1.0000,471.61,12261,157,-1,0.0,2
178162,556.1,13.47,-1.00,1.80,-1.0000,-1.0000,471.68,12261,157,-1,0.0,2
178413,464.6,14.54,-1.00,2.15,-1.0000,-1.0000,471.74,12261,157,-1,0.0,2
178663,487.2,13.54,-1.00,2.05,-1.0000,-1.0000,471.78,12261,157,-1,0.0,2
178915,290.3,18.10,-1.00,3.44,-1.0000,-1.0000,471.83,12261,157,-1,0.0,2
179167,344.0,11.87,-1.00,2.91,-1.0000,-1.0000,471.87,12261,157,-1,0.0,2
179419,538.0,12.45,-1.00,1.86,-1.0000,-1.0000,471.91,12261,157,-1,0.0,2
179670,511.2,16.58,-1.00,1.96,-1.0000,-1.0000,471.96,12261,157,-1,0.0,2
179920,525.6,15.04,-1.00,1.90,-1.0000,-1.0000,472.06,12265,158,-1,0.0,2
180172,464.1,13.95,-1.00,2.15,-1.0000,-1.0000,472.11,12265,158,-1,0.0,2
180423,552.1,16.61,-1.00,1.81,-1.0000,-1.0000,472.15,12265,158,-1,0.0,2
180676,455.5,14.94,-1.00,2.20,-1.0000,-1.0000,469.33,12265,158,-1,0.0,2
180927,578.9,20.77,-1.00,1.73,-1.0000,-1.0000,469.39,12265,158,-1,0.0,2
181177,536.7,15.59,-1.00,1.86,-1.0000,-1.0000,469.45,12265,158,-1,0.0,2
181429,470.2,19.70,-1.00,2.13,-1.0000,-1.0000,469.51,12265,158,-1,0.0,2
181680,465.4,14.99,-1.00,2.15,-1.0000,-1.0000,469.56,12265,158,-1,0.0,2
181932,543.2,18.11,-1.00,1.84,-1.0000,-1.0000,469.64,12265,158,-1,0.0,2
182183,564.0,15.54,-1.00,1.77,-1.0000,-1.0000,469.85,12261,157,-1,0.0,2
182435,467.3,13.98,-1.00,2.14,-1.0000,-1.0000,469.91,12261,157,-1,0.0,2
182686,514.1,15.02,-1.00,1.95,-1.0000,-1.0000,469.98,12261,157,-1,0.0,2
182938,487.5,14.99,-1.00,2.05,-1.0000,-1.0000,470.01,12261,157,-1,0.0,2
183189,535.7,14.01,-1.00,1.87,-1.0000,-1.0000,470.10,12261,157,-1,0.0,2
183440,512.8,14.62,-1.00,1.95,-1.0000,-1.0000,470.16,12261,157,-1,0.0,2
183691,524.6,21.17,-1.00,1.91,-1.0000,-1.0000,470.22,12261,157,-1,0.0,2
183943,436.6,16.01,-1.00,2.29,-1.0000,-1.0000,470.27,12261,157,-1,0.0,2
184193,524.4,15.14,-1.00,1.91,-1.0000,-1.0000,470.33,12261,157,-1,0.0,2
184444,452.3,13.98,-1.00,2.21,-1.0000,-1.0000,470.39,12261,157,-1,0.0,2
184695,532.2,19.68,-1.00,1.88,-1.0000,-1.0000,470.44,12261,157,-1,0.0,2
184946,437.9,14.04,-1.00,2.28,-1.0000,-1.0000,470.50,12261,157,-1,0.0,2
185198,447.4,17.00,-1.00,2.24,-1.0000,-1.0000,470.56,12261,157,-1,0.0,2
185450,460.0,13.49,-1.00,2.17,-1.0000,-1.0000,470.61,12261,157,-1,0.0,2
185702,485.8,13.89,-1.00,2.06,-1.0000,-1.0000,470.69,12261,157,-1,0.0,2
185952,480.9,19.28,-1.00,2.08,-1.0000,-1.0000,470.74,12273,159,-1,0.0,2
186204,517.5,18.62,-1.00,1.93,-1.0000,-1.0000,470.80,12273,159,-1,0.0,2
186455,479.1,11.92,-1.00,2.09,-1.0000,-1.0000,470.87,12273,159,-1,0.0,2
186706,438.5,15.04,-1.00,2.28,-1.0000,-1.0000,470.91,12273,159,-1,0.0,2
186957,536.9,10.39,-1.00,1.86,-1.0000,-1.0000,470.98,12273,159,-1,0.0,2
187209,433.4,13.92,-1.00,2.31,-1.0000,-1.0000,471.02,12273,159,-1,0.0,2
187460,506.4,14.06,-1.00,1.97,-1.0000,-1.0000,471.09,12273,159,-1,0.0,2
187710,444.2,14.58,-1.00,2.25,-1.0000,-1.0000,471.13,12273,159,-1,0.0,2
187961,499.7,17.60,-1.00,2.00,-1.0000,-1.0000,471.21,12273,159,-1,0.0,2
188213,560.6,14.50,-1.00,1.78,-1.0000,-1.0000,471.25,12273,159,-1,0.0,2
188463,506.8,11.98,-1.00,1.97,-1.0000,-1.0000,471.31,12273,159,-1,0.0,2
188714,481.7,23.41,-1.00,2.08,-1.0000,-1.0000,471.36,12273,159,-1,0.0,2
188965,527.7,18.10,-1.00,1.90,-1.0000,-1.0000,471.42,12273,159,-1,0.0,2
189215,487.9,18.21,-1.00,2.05,-1.0000,-1.0000,471.48,12273,159,-1,0.0,2
189467,491.3,13.98,-1.00,2.04,-1.0000,-1.0000,471.54,12273,159,-1,0.0,2
189718,549.2,14.47,-1.00,1.82,-1.0000,-1.0000,471.61,12269,158,-1,0.0,2
189969,478.0,15.15,-1.00,2.09,-1.0000,-1.0000,471.66,12269,158,-1,0.0,2
190220,454.8,17.06,-1.00,2.20,-1.0000,-1.0000,471.71,12269,158,-1,0.0,2
190471,560.2,13.96,-1.00,1.78,-1.0000,-1.0000,471.79,12269,158,-1,0.0,2
190722,565.3,18.22,-1.00,1.77,-1.0000,-1.0000,471.82,12269,158,-1,0.0,2
190973,575.2,18.11,-1.00,1.74,-1.0000,-1.0000,471.89,12269,158,-1,0.0,2
191225,534.2,19.71,-1.00,1.87,-1.0000,-1.0000,471.95,12269,158,-1,0.0,2
191476,459.2,13.49,-1.00,2.18,-1.0000,-1.0000,472.00,12269,158,-1,0.0,2
191727,512.2,12.43,-1.00,1.95,-1.0000,-1.0000,472.06,12269,158,-1,0.0,2
191978,457.0,14.48,-1.00,2.19,-1.0000,-1.0000,472.12,12269,158,-1,0.0,2
192229,539.9,16.63,-1.00,1.85,-1.0000,-1.0000,472.17,12261,157,-1,0.0,2
192480,449.9,14.04,-1.00,2.22,-1.0000,-1.0000,472.23,12261,157,-1,0.0,2
192732,518.6,16.49,-1.00,1.93,-1.0000,-1.0000,472.29,12261,157,-1,0.0,2
192983,439.7,15.06,-1.00,2.27,-1.0000,-1.0000,472.35,12261,157,-1,0.0,2
193234,473.3,12.45,-1.00,2.11,-1.0000,-1.0000,472.40,12261,157,-1,0.0,2
193485,465.7,11.96,-1.00,2.15,-1.0000,-1.0000,469.55,12261,157,-1,0.0,2
193735,526.6,16.11,-1.00,1.90,-1.0000,-1.0000,469.60,12261,157,-1,0.0,2
193985,451.1,18.74,-1.00,2.22,-1.0000,-1.0000,469.66,12261,157,-1,0.0,2
194237,553.3,18.14,-1.00,1.81,-1.0000,-1.0000,469.72,12261,157,-1,0.0,2
194488,458.8,16.02,-1.00,2.18,-1.0000,-1.0000,469.77,12261,157,-1,0.0,2
194739,398.3,17.10,-1.00,2.51,-1.0000,-1.0000,469.82,12261,157,-1,0.0,2
194991,417.6,18.73,-1.00,2.39,-1.0000,-1.0000,469.88,12261,157,-1,0.0,2
195242,516.3,14.96,-1.00,1.94,-1.0000,-1.0000,469.93,12261,157,-1,0.0,2
195494,518.5,12.96,-1.00,1.93,-1.0000,-1.0000,469.99,12261,157,-1,0.0,2
195744,464.6,14.54,-1.00,2.15,-1.0000,-1.0000,470.05,12261,157,-1,0.0,2
